,submission_champion_ready_for_quota.csv,submission_champion_top1.csv,submission_clean_consecutive_master.csv,submission_clean_sota_roadmap.csv,submission_ensemble_top.csv,submission_gpu_master.csv,submission_grand_champion_blend.csv,submission_grandmaster_5050_blend.csv,submission_grandmaster_blend_sota.csv,submission_grandmaster_local.csv,submission_grandmaster_sota_pure.csv,submission_grandmaster_unbiased.csv,submission_hurdle_calibrated.csv,submission_hurdle_top.csv,submission_improved_top.csv,submission_lgbm_baseline.csv,submission_plan_b_7horizon.csv,submission_podium_blend.csv,submission_podium_roadmap_blend.csv,submission_reproduced_0615.csv,submission_sota_night_candidate.csv,submission_trio_bayes_master.csv,submission_triple_ensemble.csv,submission_ultimate_gacor.csv,submission_upgrade_precision_pruned.csv,submission_upgrade_sota60_anchor40.csv,submission_upgrade_tri_blend.csv
submission_champion_ready_for_quota.csv,1.0,0.862964860795934,0.9490234480524319,0.9412061398398545,0.8577002694140682,0.8779283801948877,0.9805070248498767,0.9751676876952244,0.9772301091820237,0.8649577719413573,0.9250131053615473,0.8574373069318842,0.9772797742329703,0.9776073892065829,0.858308742058735,0.8538423895142127,0.9520728573579021,0.8814623367151992,0.9775429182052551,0.8597879324545165,0.9956840857686617,0.9630238256915492,0.8608336929697231,0.9774635026826396,0.9411930909985986,0.9745787178169866,0.9754873647140055
submission_champion_top1.csv,0.862964860795934,1.0,0.8533428182562822,0.8351055055169647,0.9889787617553883,0.7484108106153425,0.8578907865168185,0.8384516427251199,0.8405623700614824,0.9981182293572484,0.8575285057012514,0.989625592508127,0.8400351694620685,0.8403410352959721,0.9895898540510562,0.9832724057648113,0.8354547145744865,0.7486548109003637,0.840740774748038,0.9889642527593587,0.8646888519043969,0.8727587839661519,0.9920093167198383,0.8402171675921818,0.8355231500488717,0.8373647991569361,0.838619141782991
submission_clean_consecutive_master.csv,0.9490234480524319,0.8533428182562822,1.0,0.9568961612648307,0.8454968341480902,0.8818874893178341,0.9779079279642403,0.9517923876752636,0.949951542199943,0.8553088883064888,0.9312954769845735,0.845030301089955,0.9455197003250315,0.9469225173249117,0.8452050096750965,0.8428332585396437,0.9610324748185083,0.8850204923850571,0.9500174560493595,0.8469526844320026,0.9419925964791532,0.9556829879634268,0.8492495805192319,0.9461622398907292,0.9569410762209252,0.9545237596425692,0.9542187989165841
submission_clean_sota_roadmap.csv,0.9412061398398545,0.8351055055169647,0.9568961612648307,1.0,0.826986189289519,0.8857670056961033,0.9573334002349908,0.9504802327753514,0.9478477832204754,0.8373990665620654,0.9287650596907718,0.827355347719155,0.9430474248277465,0.9442012312358514,0.8280233082020514,0.8231019099235366,0.935109549633038,0.8888854041096586,0.9504744381066808,0.8286851889277057,0.9326506832342238,0.9299520691293618,0.8312877886988586,0.9435880964748428,0.9998560931820073,0.9629969198240326,0.9607378399409474
submission_ensemble_top.csv,0.8577002694140682,0.9889787617553883,0.8454968341480902,0.826986189289519,1.0,0.7429968056141417,0.8512749431872272,0.8319323768908281,0.8350435571567129,0.9896722381097545,0.8474534871230218,0.9980442175982907,0.835491764323727,0.8356862620628465,0.9976593458963307,0.9936149020894263,0.8308201313605911,0.7435162469238801,0.8354861838971498,0.9990837268521138,0.8591023198285831,0.8673162505015174,0.9960509043409174,0.8356320636853205,0.8274243391813098,0.8307505106109023,0.8321685536034529
submission_gpu_master.csv,0.8779283801948877,0.7484108106153425,0.8818874893178341,0.8857670056961033,0.7429968056141417,1.0,0.8900270322912337,0.8922738703112808,0.8893323892674538,0.7508684418690005,0.8537117471747868,0.743028569303923,0.8816245342847602,0.8862091482335502,0.7439089016063146,0.7402615992485216,0.8830720865087914,0.9989092179124381,0.88923933492562,0.7450237080191155,0.8681266439435819,0.8656944411212637,0.7485822317708297,0.8833303757334785,0.8856559697096741,0.8954656354806555,0.8945640005293055
submission_grand_champion_blend.csv,0.9805070248498767,0.8578907865168185,0.9779079279642403,0.9573334002349908,0.8512749431872272,0.8900270322912337,1.0,0.986068969711658,0.9871002895777379,0.8597980437477578,0.9322429131334701,0.8509486484624113,0.9860125439974917,0.986648546648736,0.8514600294030745,0.8481655429925158,0.9661242106638449,0.8944787860198236,0.9873047867204557,0.8531094478910151,0.9674133604381424,0.9667556657800362,0.8547750138119489,0.9863269960496989,0.9573139089194402,0.9862117756644823,0.9867965376828247
submission_grandmaster_5050_blend.csv,0.9751676876952244,0.8384516427251199,0.9517923876752636,0.9504802327753514,0.8319323768908281,0.8922738703112808,0.986068969711658,1.0,0.9991522372468602,0.8404667583835896,0.9322494639735787,0.8317947911255036,0.9965768852274103,0.9970183877300406,0.8327114971278058,0.8296606582702181,0.9508314849433682,0.8976770755864051,0.9976650890583224,0.8338494714962099,0.9569333457294251,0.9448997097756542,0.8356925132273744,0.9968198920534741,0.9504539175305434,0.9965580495061429,0.9975001353211369
submission_grandmaster_blend_sota.csv,0.9772301091820237,0.8405623700614824,0.949951542199943,0.9478477832204754,0.8350435571567129,0.8893323892674538,0.9871002895777379,0.9991522372468602,1.0,0.8423539260478503,0.9239941014647981,0.8349018776762521,0.9989993966220587,0.9993376504414427,0.8358377567899702,0.832343661735537,0.9505747273798265,0.895003291516074,0.9994649061185799,0.8369062919878831,0.9585007419249795,0.9457961393395091,0.8384703717180827,0.9991946907242011,0.9478232292341251,0.9971051102668728,0.9980629769461851
submission_grandmaster_local.csv,0.8649577719413573,0.9981182293572484,0.8553088883064888,0.8373990665620654,0.9896722381097545,0.7508684418690005,0.8597980437477578,0.8404667583835896,0.8423539260478503,1.0,0.860146948338205,0.9900899406872347,0.8415633712703171,0.841946952626949,0.9902426614374296,0.9841445232772796,0.8376950674813264,0.751126274206874,0.8424443380790083,0.9896685670604305,0.8668135906758818,0.8749649145446294,0.9926231361303881,0.8417853345655735,0.8378048474376618,0.8393246366141529,0.8405492719783304
submission_grandmaster_sota_pure.csv,0.9250131053615473,0.8575285057012514,0.9312954769845735,0.9287650596907718,0.8474534871230218,0.8537117471747868,0.9322429131334701,0.9322494639735787,0.9239941014647981,0.860146948338205,1.0,0.8471340325169107,0.9143021592000132,0.915395031239074,0.8475884734552848,0.8458189043435623,0.9093971210543927,0.8556625627689733,0.9186118935945862,0.8492043943979658,0.9209126688634781,0.9137331904823501,0.851458068702145,0.9148338283184385,0.9289309746928476,0.9232540226500905,0.9241127564460674
submission_grandmaster_unbiased.csv,0.8574373069318842,0.989625592508127,0.845030301089955,0.827355347719155,0.9980442175982907,0.743028569303923,0.8509486484624113,0.8317947911255036,0.8349018776762521,0.9900899406872347,0.8471340325169107,1.0,0.835322593064248,0.8355399894186104,0.9991877771773575,0.992721870536561,0.830373948208264,0.7436042096652197,0.8354148707726421,0.9977779910506536,0.8586910632905896,0.8672626319946007,0.9946473506524012,0.8354725434414081,0.8277944904197068,0.8308466535183759,0.8322245284404876
submission_hurdle_calibrated.csv,0.9772797742329703,0.8400351694620685,0.9455197003250315,0.9430474248277465,0.835491764323727,0.8816245342847602,0.9860125439974917,0.9965768852274103,0.9989993966220587,0.8415633712703171,0.9143021592000132,0.835322593064248,1.0,0.9997335839098013,0.8362508569421992,0.8324309927878945,0.947647806420399,0.8875546859622065,0.999358279392618,0.8373147789843527,0.9580059178279487,0.9444366182860904,0.8384407122045994,0.9999595483640116,0.9430234832154074,0.9957991801140867,0.996775220533204
submission_hurdle_top.csv,0.9776073892065829,0.8403410352959721,0.9469225173249117,0.9442012312358514,0.8356862620628465,0.8862091482335502,0.986648546648736,0.9970183877300406,0.9993376504414427,0.841946952626949,0.915395031239074,0.8355399894186104,0.9997335839098013,1.0,0.8365115086243109,0.8325604977893069,0.9491264117617089,0.8921463225623368,0.9996730262748519,0.8375180846022854,0.9584306264144611,0.9451657312647891,0.8388468539349136,0.9998930670319645,0.9441767859064463,0.9962716972543458,0.9972199095194644
submission_improved_top.csv,0.858308742058735,0.9895898540510562,0.8452050096750965,0.8280233082020514,0.9976593458963307,0.7439089016063146,0.8514600294030745,0.8327114971278058,0.8358377567899702,0.9902426614374296,0.8475884734552848,0.9991877771773575,0.8362508569421992,0.8365115086243109,1.0,0.991802376538562,0.8304557337690114,0.74458785403212,0.8363847714817668,0.9974606423632271,0.859557324000647,0.8672142268310552,0.9949325218540754,0.8364197375563005,0.8284529846459164,0.8318377266496819,0.833202400621691
submission_lgbm_baseline.csv,0.8538423895142127,0.9832724057648113,0.8428332585396437,0.8231019099235366,0.9936149020894263,0.7402615992485216,0.8481655429925158,0.8296606582702181,0.832343661735537,0.9841445232772796,0.8458189043435623,0.992721870536561,0.8324309927878945,0.8325604977893069,0.991802376538562,1.0,0.8298853541571605,0.7408036778026453,0.8323914925599877,0.9930267570057342,0.8548145963377328,0.8668005515243962,0.9885777934327447,0.8325479276105063,0.8235325921973838,0.8277520219465745,0.8292317345484173
submission_plan_b_7horizon.csv,0.9520728573579021,0.8354547145744865,0.9610324748185083,0.935109549633038,0.8308201313605911,0.8830720865087914,0.9661242106638449,0.9508314849433682,0.9505747273798265,0.8376950674813264,0.9093971210543927,0.830373948208264,0.947647806420399,0.9491264117617089,0.8304557337690114,0.8298853541571605,1.0,0.8866824242023642,0.9508871090347305,0.8325806649804666,0.9432848653697615,0.9664173740387071,0.8335232714235272,0.9483040970440666,0.9351207735522631,0.952700691845023,0.9527163004894909
submission_podium_blend.csv,0.8814623367151992,0.7486548109003637,0.8850204923850571,0.8888854041096586,0.7435162469238801,0.9989092179124381,0.8944787860198236,0.8976770755864051,0.895003291516074,0.751126274206874,0.8556625627689733,0.7436042096652197,0.8875546859622065,0.8921463225623368,0.74458785403212,0.7408036778026453,0.8866824242023642,1.0,0.8949862961425975,0.7455050703273391,0.8704663343709688,0.868075523330701,0.7488764468778052,0.8892586578788241,0.8887707660946286,0.9008664913729185,0.8999941873932541
submission_podium_roadmap_blend.csv,0.9775429182052551,0.840740774748038,0.9500174560493595,0.9504744381066808,0.8354861838971498,0.88923933492562,0.9873047867204557,0.9976650890583224,0.9994649061185799,0.8424443380790083,0.9186118935945862,0.8354148707726421,0.999358279392618,0.9996730262748519,0.8363847714817668,0.8323914925599877,0.9508871090347305,0.8949862961425975,1.0,0.8373381205921786,0.9587859109083418,0.9461460276648466,0.8388579741161817,0.9995405893497364,0.9504459950619597,0.9981215725452208,0.9987764014196857
submission_reproduced_0615.csv,0.8597879324545165,0.9889642527593587,0.8469526844320026,0.8286851889277057,0.9990837268521138,0.7450237080191155,0.8531094478910151,0.8338494714962099,0.8369062919878831,0.9896685670604305,0.8492043943979658,0.9977779910506536,0.8373147789843527,0.8375180846022854,0.9974606423632271,0.9930267570057342,0.8325806649804666,0.7455050703273391,0.8373381205921786,1.0,0.8612310672048104,0.868951875238157,0.9962801152208278,0.8374561614802427,0.8291135025802309,0.832678013757209,0.8340817393811181
submission_sota_night_candidate.csv,0.9956840857686617,0.8646888519043969,0.9419925964791532,0.9326506832342238,0.8591023198285831,0.8681266439435819,0.9674133604381424,0.9569333457294251,0.9585007419249795,0.8668135906758818,0.9209126688634781,0.8586910632905896,0.9580059178279487,0.9584306264144611,0.859557324000647,0.8548145963377328,0.9432848653697615,0.8704663343709688,0.9587859109083418,0.8612310672048104,1.0,0.9592954639230364,0.8623500874475976,0.9582313732676668,0.9326458973552549,0.9567320573226352,0.957507667019173
submission_trio_bayes_master.csv,0.9630238256915492,0.8727587839661519,0.9556829879634268,0.9299520691293618,0.8673162505015174,0.8656944411212637,0.9667556657800362,0.9448997097756542,0.9457961393395091,0.8749649145446294,0.9137331904823501,0.8672626319946007,0.9444366182860904,0.9451657312647891,0.8672142268310552,0.8668005515243962,0.9664173740387071,0.868075523330701,0.9461460276648466,0.868951875238157,0.9592954639230364,1.0,0.8693411030640706,0.9448104477410717,0.9299633701857647,0.9456799975867263,0.9461490902562897
submission_triple_ensemble.csv,0.8608336929697231,0.9920093167198383,0.8492495805192319,0.8312877886988586,0.9960509043409174,0.7485822317708297,0.8547750138119489,0.8356925132273744,0.8384703717180827,0.9926231361303881,0.851458068702145,0.9946473506524012,0.8384407122045994,0.8388468539349136,0.9949325218540754,0.9885777934327447,0.8335232714235272,0.7488764468778052,0.8388579741161817,0.9962801152208278,0.8623500874475976,0.8693411030640706,1.0,0.8386669806223204,0.8317144734327491,0.8346379832824145,0.835977966719904
submission_ultimate_gacor.csv,0.9774635026826396,0.8402171675921818,0.9461622398907292,0.9435880964748428,0.8356320636853205,0.8833303757334785,0.9863269960496989,0.9968198920534741,0.9991946907242011,0.8417853345655735,0.9148338283184385,0.8354725434414081,0.9999595483640116,0.9998930670319645,0.8364197375563005,0.8325479276105063,0.9483040970440666,0.8892586578788241,0.9995405893497364,0.8374561614802427,0.9582313732676668,0.9448104477410717,0.8386669806223204,1.0,0.9435639540618724,0.996049583431205,0.9970148401891505
submission_upgrade_precision_pruned.csv,0.9411930909985986,0.8355231500488717,0.9569410762209252,0.9998560931820073,0.8274243391813098,0.8856559697096741,0.9573139089194402,0.9504539175305434,0.9478232292341251,0.8378048474376618,0.9289309746928476,0.8277944904197068,0.9430234832154074,0.9441767859064463,0.8284529846459164,0.8235325921973838,0.9351207735522631,0.8887707660946286,0.9504459950619597,0.8291135025802309,0.9326458973552549,0.9299633701857647,0.8317144734327491,0.9435639540618724,1.0,0.9629533294731717,0.9606988651087616
submission_upgrade_sota60_anchor40.csv,0.9745787178169866,0.8373647991569361,0.9545237596425692,0.9629969198240326,0.8307505106109023,0.8954656354806555,0.9862117756644823,0.9965580495061429,0.9971051102668728,0.8393246366141529,0.9232540226500905,0.8308466535183759,0.9957991801140867,0.9962716972543458,0.8318377266496819,0.8277520219465745,0.952700691845023,0.9008664913729185,0.9981215725452208,0.832678013757209,0.9567320573226352,0.9456799975867263,0.8346379832824145,0.996049583431205,0.9629533294731717,1.0,0.9998987254395654
submission_upgrade_tri_blend.csv,0.9754873647140055,0.838619141782991,0.9542187989165841,0.9607378399409474,0.8321685536034529,0.8945640005293055,0.9867965376828247,0.9975001353211369,0.9980629769461851,0.8405492719783304,0.9241127564460674,0.8322245284404876,0.996775220533204,0.9972199095194644,0.833202400621691,0.8292317345484173,0.9527163004894909,0.8999941873932541,0.9987764014196857,0.8340817393811181,0.957507667019173,0.9461490902562897,0.835977966719904,0.9970148401891505,0.9606988651087616,0.9998987254395654,1.0
