submission,total_volume,zero_count,zero_pct,nz_count,nz_mean,nz_median,nz_p95,max_ticket,min_ticket
submission_champion_ready_for_quota.csv,12048496.414090473,26322,36.250705815923205,46289,260.28854401889157,102.38981023706096,863.2761299997139,38084.70053506024,0.0
submission_champion_top1.csv,12349273.79229616,0,0.0,72611,170.07442112484554,57.93107017580011,600.1434619567042,33770.93778635568,2.644887775874224
submission_clean_consecutive_master.csv,10232339.521050742,30745,42.342069383426754,41866,244.40690586754747,100.92046116672915,864.1969997235384,31055.29219150812,0.0
submission_clean_sota_roadmap.csv,11330120.929646034,32049,44.13794053242622,40562,279.3284584006221,121.51801238474567,927.5273393490271,33303.23186371723,0.0
submission_ensemble_top.csv,12904091.931153275,0,0.0,72611,177.71538652756848,58.6324570327164,606.4759928812028,37471.03864720086,2.4646250152607854
submission_gpu_master.csv,11197710.877695866,32189,44.33074878461941,40422,277.0202087401877,106.57842621872328,958.2779956658133,34832.12358609884,0.0
submission_grand_champion_blend.csv,11167608.36132804,27746,38.21184118108826,44865,248.91582216266664,97.95105926163356,863.1837937901003,34032.53001864114,0.0
submission_grandmaster_5050_blend.csv,10993132.097189676,29341,40.40847805428929,43270,254.05898075317023,107.13937270339416,871.0969337074141,33267.072136805866,0.0
submission_grandmaster_blend_sota.csv,11548008.939528205,29341,40.40847805428929,43270,266.8825731344628,110.36032139203135,899.5910395067292,35138.41999129001,0.0
submission_grandmaster_local.csv,12243255.387268465,0,0.0,72611,168.61433374100983,58.20709772250109,593.5997334735512,33539.67683578864,3.1481121246736183
submission_grandmaster_sota_pure.csv,10086682.806942837,30267,41.683766922367134,42344,238.20807686904485,107.74446072967208,830.0187318246557,29524.37642783757,0.0
submission_grandmaster_unbiased.csv,12927321.01883229,0,0.0,72611,178.035297941528,59.19890146565531,604.4067926643784,37174.5995084359,2.558017794189129
submission_hurdle_calibrated.csv,12038906.271029426,29341,40.40847805428929,43270,278.2275542183828,112.48419806515071,914.1964024986049,36776.786249893696,0.0
submission_hurdle_top.csv,12102885.781866735,29341,40.40847805428929,43270,279.70616551575534,113.39455981579282,921.7271346842479,38712.40657883547,0.0
submission_improved_top.csv,12820862.65031665,0,0.0,72611,176.5691513726109,58.47092278676764,603.0894664649982,37842.06646929723,2.593000581755982
submission_lgbm_baseline.csv,12962856.31798805,0,0.0,72611,178.52469072162688,57.03991247666476,614.173523919924,38069.6707851432,2.125219392166885
submission_plan_b_7horizon.csv,10714697.234039385,26973,37.14726418862156,45638,234.77578408430222,92.19844265549041,841.5206048981281,32525.39612499405,0.0
submission_podium_blend.csv,11311723.459851399,32189,44.33074878461941,40422,279.8407664106527,106.69604690409102,958.7897217073033,35920.9457159365,0.0
submission_podium_roadmap_blend.csv,11931763.353723384,29341,40.40847805428929,43270,275.75140637216043,111.99017287454456,913.1781237696835,37602.749495239936,0.0
submission_reproduced_0615.csv,12827138.507115666,0,0.0,72611,176.65558258549896,58.54910014925289,602.4640857737998,37041.07185358289,2.297476665798332
submission_sota_night_candidate.csv,11994107.04631421,26538,36.54818140502128,46073,260.32832779098845,105.14103110493444,860.471128542029,37752.23267668695,0.0
submission_trio_bayes_master.csv,11072297.299524296,24254,33.40265249066946,48357,228.9698967993113,91.02930260044776,814.570972231778,32596.195852894827,0.0
submission_triple_ensemble.csv,12687129.930783063,0,0.0,72611,174.72738195015992,58.149388279957805,602.745592952551,35988.49610828999,3.028497794385555
submission_ultimate_gacor.csv,12013101.868518244,29341,40.40847805428929,43270,277.6311964067078,112.43385267045994,913.4422410247648,37551.0343814704,0.0
submission_upgrade_precision_pruned.csv,11329821.575378211,32081,44.182010990070374,40530,279.5416130120457,121.6425556705083,928.6599279905166,33303.23186371723,0.0
submission_upgrade_sota60_anchor40.csv,11589518.497436676,29341,40.40847805428929,43270,267.84188808497055,109.48415470847226,903.8316346172523,35383.43532804886,0.0
submission_upgrade_tri_blend.csv,11564104.343040647,29341,40.40847805428929,43270,267.25454918050946,109.60173869515432,900.8471754506451,34782.23028384887,0.0
