,scale,occ_mean,show_mean,ratio_d3_d1,ticket_accel_normalized,implied_total_capacity,mean_slack_seats,capacity_utilization_rate,nat_scale,day_num_clipped,effective_weekend,empirical_transition_ratio,city_dominance_ratio
scale,1.0,0.385,0.83,-0.026,-0.074,0.831,0.623,0.381,0.516,-0.0,-0.008,0.064,0.78
occ_mean,0.385,1.0,0.133,-0.057,-0.201,0.063,-0.12,0.993,0.562,-0.0,-0.02,0.152,0.607
show_mean,0.83,0.133,1.0,-0.034,-0.086,0.937,0.865,0.123,0.316,0.0,-0.0,0.009,0.532
ratio_d3_d1,-0.026,-0.057,-0.034,1.0,-0.012,0.085,0.134,-0.029,-0.018,-0.0,-0.005,0.029,-0.047
ticket_accel_normalized,-0.074,-0.201,-0.086,-0.012,1.0,-0.022,0.009,-0.165,-0.078,0.0,-0.001,0.06,-0.098
implied_total_capacity,0.831,0.063,0.937,0.085,-0.022,1.0,0.953,0.059,0.291,-0.0,-0.002,0.026,0.52
mean_slack_seats,0.623,-0.12,0.865,0.134,0.009,0.953,1.0,-0.125,0.127,-0.0,0.002,0.002,0.306
capacity_utilization_rate,0.381,0.993,0.123,-0.029,-0.165,0.059,-0.125,1.0,0.559,-0.0,-0.02,0.163,0.602
nat_scale,0.516,0.562,0.316,-0.018,-0.078,0.291,0.127,0.559,1.0,-0.0,-0.012,0.117,0.781
day_num_clipped,-0.0,-0.0,0.0,-0.0,0.0,-0.0,-0.0,-0.0,-0.0,1.0,-0.121,-0.714,-0.0
effective_weekend,-0.008,-0.02,-0.0,-0.005,-0.001,-0.002,0.002,-0.02,-0.012,-0.121,1.0,0.312,-0.012
empirical_transition_ratio,0.064,0.152,0.009,0.029,0.06,0.026,0.002,0.163,0.117,-0.714,0.312,1.0,0.1
city_dominance_ratio,0.78,0.607,0.532,-0.047,-0.098,0.52,0.306,0.602,0.781,-0.0,-0.012,0.1,1.0
