,feature_1,feature_2,correlation
0,day_num_clipped,day_num,1.0
57,show_mean,show_sum,0.9999999999999863
8,scale,daily_scale,0.9979018147842342
94,day_num,exp_decay,-0.996287650687881
3,day_num_clipped,exp_decay,-0.996287650687881
76,slack_seats_d2,mean_slack_seats,0.9946647912433028
100,decay_curve,exp_decay,0.9935707979665417
52,occ_mean,capacity_utilization_rate,0.993317678809305
49,share_d2,ticket_accel_normalized,-0.9919761172226806
74,slack_seats_d1,mean_slack_seats,0.988553984974061
48,ratio_d3_d1,projected_decay_rate,0.9877287884552054
37,show_d2,show_mean,0.9863192363676313
38,show_d2,show_sum,0.9863192363676169
84,nat_scale,nat_ticket_d2,0.9854767467022516
77,slack_seats_d3,mean_slack_seats,0.9842182173987694
72,slack_seats_d1,slack_seats_d2,0.9820934560917655
16,ticket_d2,daily_scale,0.9820179270501679
5,scale,ticket_d2,0.9810466055882873
93,day_num,decay_curve,-0.9804643870531679
2,day_num_clipped,decay_curve,-0.9804643870531679
106,city_prior_tickets,city_prior_shows,0.9780723476110602
75,slack_seats_d2,slack_seats_d3,0.9693633092498417
97,long_weekend_span,effective_weekend,0.9693086777918314
86,nat_cinemas,nat_cities,0.9674927345835314
43,show_d3,show_sum,0.9636743850697652
42,show_d3,show_mean,0.9636743850697556
85,nat_scale,nat_ticket_d3,0.9628318802237096
9,active_days,scale_factor,-0.9626173960487326
83,nat_scale,nat_ticket_d1,0.9625353045353208
101,cinema_prior_tickets,cinema_prior_shows,0.9617561323381186
6,scale,ticket_d3,0.9614809170805448
4,scale,ticket_d1,0.9611022852634675
54,occ_max,capacity_utilization_rate,0.9605271857514318
91,opening_dow,dow_transition_num,0.9602891160549688
13,ticket_d1,daily_scale,0.9596832927174871
36,show_d2,show_d3,0.9578209230326784
50,occ_mean,occ_max,0.9573498041361465
17,ticket_d3,daily_scale,0.9563677483286979
81,tps_d2,tps_mean,0.9553580709840044
69,implied_total_capacity,slack_seats_d2,0.9544545085765049
71,implied_total_capacity,mean_slack_seats,0.9526008975854494
68,implied_total_capacity,slack_seats_d1,0.9520611096909499
73,slack_seats_d1,slack_seats_d3,0.9513854258812683
67,est_capacity,log_est_capacity,0.9473246264446091
88,nat_ticket_d1,nat_ticket_d2,0.9441912112898874
51,occ_mean,occ_min,0.9438343705684683
34,show_d1,show_sum,0.9372434292977554
33,show_d1,show_mean,0.9372434292977355
58,show_mean,implied_total_capacity,0.9369855498697219
62,show_sum,implied_total_capacity,0.9369855498697209
11,ticket_d1,ticket_d2,0.9363676940678477
23,occ_d2,occ_mean,0.9356141114470711
55,occ_min,capacity_utilization_rate,0.9337846559618912
79,tps_d1,tps_mean,0.9316725003836285
39,show_d2,implied_total_capacity,0.9309284390621344
90,nat_ticket_d2,nat_ticket_d3,0.9291019479663005
82,tps_d3,tps_mean,0.927385897545742
105,cinema_prior_shows,city_prior_shows,0.9234176662524568
96,is_weekend,effective_weekend,0.9223751465065584
26,occ_d2,capacity_utilization_rate,0.9215353988938071
70,implied_total_capacity,slack_seats_d3,0.920166262381026
14,ticket_d2,ticket_d3,0.9170444118471609
44,show_d3,implied_total_capacity,0.9106884855955546
30,occ_d3,capacity_utilization_rate,0.9101931886785989
28,occ_d3,occ_mean,0.9092656247377693
99,effective_weekend,day_weekend_inter,0.9059734080255314
104,cinema_prior_shows,city_prior_tickets,0.9032489973158315
18,occ_d1,occ_mean,0.8910744826861812
10,active_days,est_capacity,-0.8903849332666822
32,show_d1,show_d2,0.8887040369355551
21,occ_d1,capacity_utilization_rate,0.8857270566236853
29,occ_d3,occ_max,0.8839669019417581
102,cinema_prior_tickets,city_prior_tickets,0.8813112396428646
98,long_weekend_span,day_weekend_inter,0.8806616340775654
24,occ_d2,occ_max,0.8801284410063982
7,scale,show_d3,0.8781425974322833
45,scale_factor,est_capacity,0.876913917377676
95,is_weekend,long_weekend_span,0.8768188776036149
47,ratio_d3_d1,show_ratio_d3_d1,0.8763440180983465
31,occ_d3,tps_d3,0.8759783506510177
20,occ_d1,occ_min,0.8747294582743149
87,nat_avg_shows,nat_ticket_d1,0.8743647325962643
41,show_d3,daily_scale,0.8730401274100895
53,occ_mean,tps_mean,0.8722822607269858
25,occ_d2,occ_min,0.8710717839855874
64,show_sum,slack_seats_d2,0.86999067158096
60,show_mean,slack_seats_d2,0.8699906715809294
27,occ_d2,tps_d2,0.8687400463706237
78,capacity_utilization_rate,tps_mean,0.8683561164308412
22,occ_d1,tps_d1,0.8678853211633208
56,occ_trend,tps_trend,0.8661276085921766
92,day_num,is_second_week,0.8660254037844343
1,day_num_clipped,is_second_week,0.8660254037844343
66,show_ratio_d3_d1,projected_decay_rate,0.8655902152662627
65,show_sum,mean_slack_seats,0.8645572826746865
61,show_mean,mean_slack_seats,0.8645572826746857
89,nat_ticket_d1,nat_ticket_d3,0.8639418641670493
35,show_d1,implied_total_capacity,0.8631599432595858
12,ticket_d1,ticket_d3,0.8630373209246326
63,show_sum,slack_seats_d1,0.8626094486717886
59,show_mean,slack_seats_d1,0.8626094486717735
103,cinema_prior_tickets,city_prior_shows,0.8619793885961237
80,tps_d2,tps_d3,0.8570777664116467
19,occ_d1,occ_max,0.8547189208859743
15,ticket_d2,show_d3,0.8535857788029109
46,ratio_d2_d1,ratio_d3_d1,0.8524246786117058
40,show_d2,slack_seats_d2,0.8516710687794985
