,corr_is_active,corr_z_on_active,corr_z_overall
day_num_clipped,-0.264289575501189,-0.04959270979706831,-0.1263926644717155
scale,0.28446728596306176,-0.06744566639537282,0.03947972255987329
active_days,0.3912170838156068,-0.34858233726837906,-0.02458005342987128
ticket_d1,0.2730148684192445,-0.08337854468593459,0.0209661601144496
ticket_d2,0.29032577709618135,-0.07149585114586737,0.037985012100644894
ticket_d3,0.264293574514935,-0.04372649676606068,0.053409157708612966
occ_d1,0.3827216311120724,-0.12066859025948043,0.03993940557901305
occ_d2,0.3807960260316939,-0.059271339309968085,0.08851309831261742
occ_d3,0.41965899072736257,0.009643365759199385,0.15307617427814185
show_d1,0.17655917609804858,-0.09065848021086172,-0.01611554057523957
show_d2,0.2780916787178937,-0.08951403945942593,0.019745050098203213
show_d3,0.3022368882870089,-0.07106913216188818,0.04416787285621557
scale_factor,-0.3489762710420294,0.3743094746126662,0.03973243583091209
daily_scale,0.28318061084389484,-0.06302203160622555,0.042918947670731934
ratio_d2_d1,0.06700863140040245,0.024172252669182978,0.045360816581925985
ratio_d3_d2,-0.0032966946347179568,0.10700241060041016,0.07579872473404532
ratio_d3_d1,0.0753283562151541,0.08378498341426675,0.10020738760910058
ticket_accel,0.01805066546807059,0.008523476940758442,0.013996453335454474
occ_growth_d3_d1,0.05920601928469981,0.1801499483573385,0.1595353378772751
share_d1,-0.38723731664088196,-0.14720626999165945,-0.2023914729968024
share_d2,0.1757510082451746,-0.18249332636276802,-0.03379611518648418
share_d3,0.35800089118505113,0.2399787557698696,0.25768098854871446
occ_mean,0.43261652059290157,-0.06597009164219281,0.10207797924353326
occ_max,0.42719056217800877,-0.04703811181251234,0.11515072121805292
occ_min,0.3952078791788391,-0.0839696189380798,0.07274590903351345
occ_trend,0.02281740592480242,0.1583646254188957,0.13488393392510264
occ_accel,0.07460851611340377,-0.006007735230214798,0.021392708257983194
show_mean,0.26300389316831513,-0.08637740576082373,0.016950796192342705
show_sum,0.2630038931683154,-0.08637740576082366,0.01695079619234272
show_trend,0.2247148802616242,0.02947329518019098,0.10161388764157742
show_ratio_d3_d1,0.17893546391154166,0.09667268060317773,0.1433013330567314
est_capacity,-0.2999202618228427,0.25886680541995577,0.02729740449243275
implied_total_capacity,0.2170087182363279,-0.06501873798086745,0.01910437484125017
slack_seats_d1,0.1557678612238669,-0.045420225331626846,0.015377237408718943
slack_seats_d2,0.14859773074328544,-0.052661427580506535,0.006624281780025013
slack_seats_d3,0.14065129084081543,-0.06387322604283097,-0.0060372386939864815
mean_slack_seats,0.14996512050638536,-0.05465727731226219,0.005387181707873652
capacity_utilization_rate,0.427729809143897,-0.05177951067580087,0.11082653246030533
ticket_accel_normalized,-0.14921446873484576,0.15941572345677724,0.03507044012591512
occ_diff_d2_d1,-0.040569947402140726,0.09492970560814443,0.06200696940645996
occ_diff_d3_d2,0.08018366203909008,0.11207041758762414,0.11144556391459404
log_scale,0.5850374193229306,-0.23739164574327182,0.07281753571685594
log_est_capacity,-0.2522890430351208,0.18276755812258177,0.0174115337275027
tps_d1,0.36450817618541653,-0.11583424606577594,0.033614772328293775
tps_d2,0.37790092094750927,-0.08207279926620208,0.06744250156388544
tps_d3,0.41424116890278084,-0.027102919347795018,0.1236740999941851
tps_mean,0.41010325246984003,-0.08324158457812315,0.07796341042194913
tps_trend,0.0006554760996340385,0.13819221670624665,0.11544419080038033
nat_scale,0.38644384229261197,-0.05889258021734496,0.08601631417859222
nat_cinemas,0.332048586370826,-0.010507682035150928,0.10850630337791459
nat_cities,0.2896904845640872,-0.023284221249891327,0.08491055865693767
nat_avg_occ,0.4122032756438012,0.018913375663754953,0.15754890006667516
nat_avg_shows,0.3602718162369222,-0.08417769097324151,0.05872752147111173
nat_ticket_d1,0.3650198402704974,-0.07710832108030385,0.06256946048345924
nat_ticket_d2,0.40372384415456136,-0.061813791627298664,0.09028396418823463
nat_ticket_d3,0.3595473488354935,-0.034399990128025255,0.09655232757119328
nat_trend_d2_d1,0.21043785961469377,0.0607493700428652,0.11540253637694023
nat_trend_d3_d2,-0.05269753921380124,0.0309315505863939,-0.0029650236442212543
nat_trend_d3_d1,0.24943529757404598,0.14568439673137373,0.1898156583685784
log_nat_scale,0.5239596164654434,-0.04476740538604644,0.15537596450502902
opening_dow,-0.14626425413735913,-0.0528496258506206,-0.08845201852711633
cinema_share,0.08010978157997631,-0.07972538703947608,-0.031129941786368947
local_vs_nat_occ,0.17256010719537496,-0.13918495753352642,-0.048383433941580255
local_growth_vs_nat,0.06598453265343764,0.0877241304690545,0.09981078845146758
day_num,-0.264289575501189,-0.04959270979706831,-0.1263926644717155
day_of_week,-0.09306918974284788,0.10215946740138815,0.0454480546236111
day_of_month,0.007442238150159467,0.01615064903445122,0.013769810944598476
is_weekend,0.024489120324298307,0.12595162836952592,0.09941364810923489
is_friday,-0.13702302816829118,-0.02315234104806688,-0.062049366441181496
is_saturday,-0.06043282099918503,0.08019619416878897,0.03310531875552609
is_sunday,0.09204813939227728,0.08230637811586758,0.09523714908207064
is_monday,0.1195366794995457,-0.03161238168808682,0.016919355069653735
is_payday,-0.0898145561424362,-0.03102395854461162,-0.05256318621122609
is_second_week,-0.24516758333308872,-0.02496833461025671,-0.10229372456811038
dropout_risk_score,-0.35425452433462473,-0.026085494801407993,-0.13996600861312786
weekend2_rebound,-0.06878411489813072,0.04979915041397253,0.007015931933638178
small_screen_risk,-0.3599450858647064,0.347869549531481,-0.031646300485416334
is_imax,0.054013709868852997,-0.009063742849517938,0.011524728695510649
is_3d,,,
is_uncut,0.03259748420954095,0.020645220439130495,0.027537137230316037
director_experience,0.0791442965045031,-0.04492060169035468,-0.0063441619380408005
producer_experience,0.08460180726598643,-0.02774083702389079,0.009038825686393942
is_major_studio,0.04136451273961581,-0.025252674942227302,-0.004166317592344314
has_star_director,0.10601136666528779,-0.04511748463416265,0.001951117516838193
genre_count,-0.08043290653180908,0.032569692710067856,-0.0038617675988779332
has_horror,0.0991055858430397,-0.07432985756956854,-0.019846759118935842
has_action,0.028021860332639797,0.017087560209396987,0.022193348839745074
has_drama,-0.03990978623390744,0.07552376050911261,0.03940708815756254
has_comedy,-0.0683772493337817,-0.007001007226914557,-0.028466878204448823
has_animation,-0.04627240611522538,0.0008400502164398781,-0.015554294653874477
casts_count,0.11575402868774971,-0.012239425264976407,0.03107374177146605
is_holiday,-0.044996235034250646,0.020061740229054784,-0.00256208976598876
is_next_day_holiday,-0.07394747756427834,-0.019388877322984645,-0.037598078464971145
is_prev_day_holiday,-0.021637820831277278,-0.004884724118044584,-0.010888231058526578
long_weekend_span,-0.008020841680672937,0.12523522858789832,0.0855290598179335
is_bridge_day,,,
effective_weekend,-0.0011630493564983918,0.13435567224024222,0.0955846651378746
ceil,-0.02283802469288369,0.0642327640935535,0.03721117614477974
dow_transition_num,-0.1664229113170659,-0.02042096588637503,-0.07225919283903291
day_weekend_inter,-0.10060976595594094,0.10951822361885981,0.0327404315866742
decay_curve,0.2549607850804821,0.060204152766414984,0.13203258215523098
exp_decay,0.2618436474650213,0.05442989530758051,0.1294981476372664
projected_decay_rate,0.07693456404592165,0.0849151236918693,0.10181279605422222
empirical_transition_ratio,0.319656426907046,0.1362292269294488,0.207862704115876
cinema_prior_tickets,0.09580939387901945,-0.04944525898183374,-0.004922654878492347
cinema_prior_occ,0.007111317882557162,-0.005226038203544062,-0.0012804268352380576
cinema_prior_shows,0.09061723687029392,-0.045488017151224074,-0.0038959997293507467
city_prior_tickets,0.09408034149745562,-0.04717447094602564,-0.0033857057126183113
city_prior_shows,0.09062998829668935,-0.042982057172827715,-0.001614490247490928
city_prior_cinemas,0.06573668784847717,-0.007326233204394749,0.017732414628938355
cinema_to_city_share,0.3531210589219717,-0.09489356150744829,0.04311762731101058
city_ticket_slack,0.015932492183542923,-0.002011481764230103,0.004033375547922688
city_dominance_ratio,0.39462472628021045,-0.10061585637470799,0.05349386577077432
